Target Return,Iteration,OOS Mean,OOS Variance
0.005000,1,0.007313,0.000229
0.005000,2,0.006245,0.000078
0.005000,3,0.006482,0.000135
0.005000,4,-0.001030,0.000121
0.005000,5,0.004972,0.000054
0.005000,6,-0.000367,0.000115
0.005000,7,0.011865,0.000123
0.005000,8,0.008763,0.000108
0.005000,9,-0.002589,0.001035
0.005000,10,0.005796,0.000323
0.005000,11,0.007304,0.000137
0.005000,12,0.004010,0.000334
0.005000,13,0.001345,0.000144
0.005000,14,-0.000540,0.000524
0.005000,15,0.003675,0.000383
0.005000,16,-0.006784,0.000748
0.005000,17,-0.001429,0.000307
0.005000,18,-0.002577,0.000324
0.005000,19,-0.001059,0.000592
0.005000,20,0.016062,0.004456
0.005000,21,-0.018103,0.000951
0.005000,22,0.000178,0.001136
0.005000,23,0.003427,0.000303
0.005000,24,0.005459,0.000334
0.005000,25,-0.002892,0.000263
0.005000,26,0.001212,0.000374
0.005000,27,0.004303,0.000341
0.005000,28,0.003646,0.000086
0.005000,29,0.002618,0.000219
0.005000,30,0.002586,0.000160
0.005000,31,0.001211,0.000172
0.005000,32,0.003222,0.000695
0.005000,33,-0.000494,0.000297
0.005000,34,0.001344,0.000346
0.005000,35,0.005706,0.000180
0.005000,36,0.002481,0.000227
0.005000,37,-0.000191,0.000170
0.005000,38,0.010043,0.000218
0.005000,39,0.004332,0.000242
0.005000,40,-0.000337,0.000648
0.005000,41,0.003775,0.000148
0.005000,42,0.000626,0.000119
0.005000,43,0.003510,0.000322
0.005000,44,0.000971,0.000119
0.005000,45,-0.003222,0.000267
0.005000,46,0.009705,0.000791
0.005000,47,0.001238,0.000246
0.005000,48,0.000505,0.000496
0.005000,49,0.001088,0.001331
0.005000,50,0.010672,0.000564
0.010000,1,0.009935,0.000483
0.010000,2,0.009612,0.000115
0.010000,3,0.003582,0.000222
0.010000,4,-0.001571,0.000250
0.010000,5,0.007469,0.000077
0.010000,6,0.003319,0.000259
0.010000,7,0.014932,0.000165
0.010000,8,0.012694,0.000319
0.010000,9,-0.005220,0.002056
0.010000,10,0.004544,0.000441
0.010000,11,0.011111,0.000177
0.010000,12,0.002564,0.000576
0.010000,13,0.000227,0.000262
0.010000,14,0.002984,0.001011
0.010000,15,0.009224,0.000640
0.010000,16,-0.007258,0.001087
0.010000,17,-0.000959,0.000418
0.010000,18,0.000986,0.001612
0.010000,19,0.000342,0.001142
0.010000,20,0.020229,0.010284
0.010000,21,-0.022854,0.004150
0.010000,22,-0.002886,0.002132
0.010000,23,-0.003105,0.000675
0.010000,24,0.006935,0.000673
0.010000,25,-0.001751,0.000550
0.010000,26,0.003835,0.000583
0.010000,27,0.003799,0.000535
0.010000,28,0.002674,0.000120
0.010000,29,0.004021,0.000317
0.010000,30,0.000493,0.000350
0.010000,31,0.003427,0.000265
0.010000,32,0.002837,0.001554
0.010000,33,0.002950,0.000835
0.010000,34,0.000267,0.000830
0.010000,35,0.006834,0.000379
0.010000,36,0.000805,0.000501
0.010000,37,0.001623,0.000342
0.010000,38,0.015607,0.000474
0.010000,39,0.008407,0.000543
0.010000,40,0.000204,0.001375
0.010000,41,0.005733,0.000257
0.010000,42,0.005374,0.000252
0.010000,43,0.002890,0.000815
0.010000,44,0.003254,0.000378
0.010000,45,-0.004235,0.000447
0.010000,46,0.010781,0.000661
0.010000,47,-0.000362,0.000664
0.010000,48,-0.002344,0.000606
0.010000,49,0.006305,0.001034
0.010000,50,0.016708,0.001702
0.015000,1,0.013837,0.000938
0.015000,2,0.012092,0.000446
0.015000,3,-0.002111,0.000326
0.015000,4,-0.002025,0.000495
0.015000,5,0.009953,0.000169
0.015000,6,0.006972,0.000545
0.015000,7,0.014146,0.000251
0.015000,8,0.016477,0.000316
0.015000,9,-0.007712,0.003434
0.015000,10,0.003233,0.000688
0.015000,11,0.014867,0.000275
0.015000,12,0.001196,0.000889
0.015000,13,-0.001191,0.000435
0.015000,14,0.006538,0.001707
0.015000,15,0.014988,0.001035
0.015000,16,-0.008319,0.001631
0.015000,17,-0.008202,0.000887
0.015000,18,-0.001240,0.001403
0.015000,19,0.002956,0.001828
0.015000,20,0.020623,0.010082
0.015000,21,-0.024822,0.010059
0.015000,22,-0.005650,0.003549
0.015000,23,-0.009545,0.001466
0.015000,24,0.008426,0.001106
0.015000,25,-0.000578,0.001063
0.015000,26,0.006742,0.000970
0.015000,27,0.003856,0.001056
0.015000,28,-0.000517,0.000276
0.015000,29,0.005424,0.000479
0.015000,30,0.002104,0.000468
0.015000,31,0.005689,0.000463
0.015000,32,0.002594,0.002835
0.015000,33,0.006991,0.000784
0.015000,34,0.001064,0.001530
0.015000,35,0.007187,0.000526
0.015000,36,0.002118,0.001084
0.015000,37,0.001265,0.000570
0.015000,38,0.016696,0.000799
0.015000,39,0.012402,0.000989
0.015000,40,0.000638,0.002463
0.015000,41,0.007738,0.000480
0.015000,42,0.010137,0.000592
0.015000,43,0.002353,0.001675
0.015000,44,0.005679,0.000884
0.015000,45,-0.003305,0.000814
0.015000,46,0.013567,0.000833
0.015000,47,-0.002280,0.001501
0.015000,48,-0.002489,0.001017
0.015000,49,0.011271,0.001415
0.015000,50,0.023148,0.003925
0.020000,1,0.016205,0.001484
0.020000,2,0.015583,0.000954
0.020000,3,-0.006324,0.000603
0.020000,4,-0.005395,0.000153
0.020000,5,0.012527,0.000334
0.020000,6,0.010645,0.000980
0.020000,7,0.017867,0.000378
0.020000,8,0.020191,0.000569
0.020000,9,-0.006652,0.002114
0.020000,10,0.001933,0.001042
0.020000,11,0.018629,0.000430
0.020000,12,-0.000157,0.001277
0.020000,13,-0.002614,0.000660
0.020000,14,0.010105,0.002620
0.020000,15,0.020833,0.001565
0.020000,16,-0.009861,0.002373
0.020000,17,-0.009580,0.001719
0.020000,18,0.000503,0.002925
0.020000,19,0.005868,0.003408
0.020000,20,0.030151,0.015917
0.020000,21,-0.027035,0.018797
0.020000,22,-0.008200,0.005379
0.020000,23,-0.015888,0.002646
0.020000,24,0.010547,0.001745
0.020000,25,0.000750,0.001709
0.020000,26,0.008983,0.001463
0.020000,27,0.003613,0.001709
0.020000,28,-0.001470,0.000479
0.020000,29,0.005823,0.000777
0.020000,30,0.001052,0.000819
0.020000,31,0.007966,0.000762
0.020000,32,0.000769,0.006002
0.020000,33,0.010595,0.001314
0.020000,34,0.000683,0.002410
0.020000,35,0.007773,0.000817
0.020000,36,0.001257,0.001723
0.020000,37,0.002540,0.000924
0.020000,38,0.020690,0.001295
0.020000,39,0.016585,0.001298
0.020000,40,-0.001563,0.003200
0.020000,41,0.009271,0.000945
0.020000,42,0.012974,0.000852
0.020000,43,0.002543,0.003496
0.020000,44,0.008187,0.001630
0.020000,45,-0.002437,0.001326
0.020000,46,0.016327,0.001167
0.020000,47,-0.004329,0.002764
0.020000,48,-0.002750,0.001556
0.020000,49,0.016187,0.002020
0.020000,50,0.029609,0.007220
0.025000,1,0.019161,0.002288
0.025000,2,0.017658,0.001785
0.025000,3,-0.010584,0.001008
0.025000,4,-0.007077,0.000237
0.025000,5,0.013135,0.000775
0.025000,6,0.012764,0.001773
0.025000,7,0.021633,0.000540
0.025000,8,0.023873,0.000915
0.025000,9,-0.008887,0.002974
0.025000,10,0.000638,0.001502
0.025000,11,0.022395,0.000643
0.025000,12,-0.001504,0.001742
0.025000,13,-0.004042,0.000937
0.025000,14,0.013676,0.003750
0.025000,15,0.026707,0.002229
0.025000,16,-0.011051,0.002459
0.025000,17,-0.011029,0.002896
0.025000,18,0.006798,0.008219
0.025000,19,0.008467,0.005629
0.025000,20,0.036184,0.022682
0.025000,21,-0.029499,0.027747
0.025000,22,-0.013084,0.008404
0.025000,23,-0.023630,0.004451
0.025000,24,0.012794,0.002604
0.025000,25,-0.001051,0.002610
0.025000,26,0.013445,0.002121
0.025000,27,0.001759,0.002609
0.025000,28,-0.002422,0.000753
0.025000,29,0.004876,0.001608
0.025000,30,0.000019,0.001282
0.025000,31,0.004881,0.001098
0.025000,32,0.000061,0.008966
0.025000,33,0.014209,0.001982
0.025000,34,0.000309,0.003511
0.025000,35,0.008326,0.001191
0.025000,36,0.000452,0.002501
0.025000,37,0.003831,0.001378
0.025000,38,0.024708,0.001915
0.025000,39,0.020073,0.001853
0.025000,40,-0.001532,0.004680
0.025000,41,0.011247,0.001442
0.025000,42,0.017491,0.001430
0.025000,43,0.002052,0.005324
0.025000,44,0.016263,0.002306
0.025000,45,-0.001601,0.001985
0.025000,46,0.001858,0.001642
0.025000,47,-0.006442,0.004455
0.025000,48,-0.001388,0.001493
0.025000,49,0.018178,0.003895
0.025000,50,0.030497,0.009939
0.030000,1,0.031394,0.004043
0.030000,2,0.023848,0.002163
0.030000,3,-0.014869,0.001543
0.030000,4,-0.008756,0.000352
0.030000,5,0.014996,0.001228
0.030000,6,0.016226,0.002607
0.030000,7,0.017422,0.001014
0.030000,8,0.027541,0.001355
0.030000,9,-0.011095,0.003994
0.030000,10,-0.000653,0.002068
0.030000,11,0.026164,0.000914
0.030000,12,-0.002847,0.002283
0.030000,13,-0.005474,0.001266
0.030000,14,0.017248,0.005096
0.030000,15,0.032588,0.003026
0.030000,16,-0.012505,0.003298
0.030000,17,-0.015231,0.004681
0.030000,18,0.009536,0.012184
0.030000,19,0.001071,0.009721
0.030000,20,0.042213,0.030810
0.030000,21,-0.031743,0.040694
0.030000,22,-0.019428,0.010382
0.030000,23,-0.032215,0.008775
0.030000,24,0.015118,0.004258
0.030000,25,-0.000536,0.003633
0.030000,26,0.016056,0.002898
0.030000,27,0.001339,0.003648
0.030000,28,-0.004382,0.001035
0.030000,29,0.005578,0.002230
0.030000,30,-0.001929,0.002018
0.030000,31,0.006299,0.001595
0.030000,32,-0.000682,0.012591
0.030000,33,0.018559,0.002318
0.030000,34,-0.000061,0.004833
0.030000,35,0.009587,0.001180
0.030000,36,-0.006085,0.002961
0.030000,37,0.005157,0.001931
0.030000,38,0.022684,0.003439
0.030000,39,0.023567,0.002515
0.030000,40,-0.001486,0.006462
0.030000,41,0.013223,0.002057
0.030000,42,0.022010,0.002164
0.030000,43,0.001562,0.007556
0.030000,44,0.019909,0.003368
0.030000,45,-0.005814,0.002484
0.030000,46,0.002112,0.002145
0.030000,47,-0.023166,0.007868
0.030000,48,-0.002145,0.002025
0.030000,49,0.021920,0.005375
0.030000,50,0.034412,0.014066
0.035000,1,0.036376,0.005536
0.035000,2,0.027465,0.003117
0.035000,3,-0.015152,0.002134
0.035000,4,-0.011797,0.000913
0.035000,5,0.016815,0.001790
0.035000,6,0.019689,0.003610
0.035000,7,0.019456,0.001347
0.035000,8,0.031203,0.001889
0.035000,9,-0.013289,0.005174
0.035000,10,-0.009898,0.002655
0.035000,11,0.029558,0.001945
0.035000,12,0.005597,0.002716
0.035000,13,-0.006909,0.001648
0.035000,14,0.020821,0.006660
0.035000,15,0.040519,0.002974
0.035000,16,-0.013926,0.004285
0.035000,17,-0.017133,0.006615
0.035000,18,0.012276,0.016951
0.035000,19,0.000645,0.012546
0.035000,20,0.048248,0.040298
0.035000,21,-0.032732,0.056264
0.035000,22,-0.023591,0.013692
0.035000,23,-0.039395,0.012074
0.035000,24,0.018393,0.005429
0.035000,25,-0.001367,0.005459
0.035000,26,0.018671,0.003814
0.035000,27,0.000067,0.005891
0.035000,28,-0.005438,0.001414
0.035000,29,0.012253,0.003810
0.035000,30,0.000293,0.003214
0.035000,31,0.011485,0.002906
0.035000,32,-0.001477,0.016923
0.035000,33,0.022251,0.003135
0.035000,34,-0.000426,0.006376
0.035000,35,0.010286,0.001540
0.035000,36,-0.006263,0.003883
0.035000,37,0.007920,0.002463
0.035000,38,0.026334,0.004537
0.035000,39,0.027072,0.003288
0.035000,40,-0.001431,0.008545
0.035000,41,0.015199,0.002788
0.035000,42,0.026530,0.003057
0.035000,43,0.001071,0.010190
0.035000,44,0.023561,0.004636
0.035000,45,-0.005795,0.003326
0.035000,46,0.002346,0.002753
0.035000,47,-0.026710,0.010869
0.035000,48,-0.002860,0.002645
0.035000,49,0.025685,0.007115
0.035000,50,0.038382,0.018954
0.040000,1,0.039350,0.007363
0.040000,2,0.025676,0.005425
0.040000,3,-0.018880,0.002920
0.040000,4,-0.013681,0.001232
0.040000,5,0.018633,0.002179
0.040000,6,0.020414,0.005092
0.040000,7,0.021501,0.001729
0.040000,8,0.035245,0.003121
0.040000,9,-0.015477,0.006517
0.040000,10,-0.012432,0.003467
0.040000,11,0.033323,0.002593
0.040000,12,0.005841,0.003418
0.040000,13,0.001010,0.002667
0.040000,14,0.024394,0.008441
0.040000,15,0.043598,0.003600
0.040000,16,-0.015326,0.005420
0.040000,17,-0.019042,0.008901
0.040000,18,0.006548,0.022953
0.040000,19,0.000243,0.015829
0.040000,20,0.054290,0.051145
0.040000,21,-0.034774,0.074143
0.040000,22,-0.027752,0.017496
0.040000,23,-0.049068,0.017130
0.040000,24,0.019186,0.007076
0.040000,25,-0.001041,0.007019
0.040000,26,0.021775,0.003841
0.040000,27,-0.000529,0.007578
0.040000,28,-0.006494,0.001855
0.040000,29,0.013777,0.004936
0.040000,30,-0.000680,0.004205
0.040000,31,0.013493,0.003847
0.040000,32,-0.000852,0.021138
0.040000,33,0.025943,0.004081
0.040000,34,-0.005622,0.006846
0.040000,35,0.010989,0.001956
0.040000,36,-0.009461,0.005015
0.040000,37,0.009586,0.003172
0.040000,38,0.029774,0.005848
0.040000,39,0.031515,0.004483
0.040000,40,-0.004123,0.010160
0.040000,41,0.020573,0.003991
0.040000,42,0.031051,0.004107
0.040000,43,0.000580,0.013227
0.040000,44,0.028044,0.003589
0.040000,45,-0.005780,0.004298
0.040000,46,0.002567,0.003468
0.040000,47,-0.030264,0.014360
0.040000,48,-0.006032,0.004006
0.040000,49,0.056178,0.011444
0.040000,50,0.056050,0.028954
0.045000,1,0.044269,0.009326
0.045000,2,0.028365,0.007099
0.045000,3,-0.019176,0.003205
0.045000,4,-0.015566,0.001603
0.045000,5,0.020685,0.002882
0.045000,6,0.023627,0.006555
0.045000,7,0.026831,0.002522
0.045000,8,0.039258,0.004060
0.045000,9,-0.012037,0.007123
0.045000,10,-0.014964,0.004394
0.045000,11,0.037090,0.003341
0.045000,12,0.006086,0.004209
0.045000,13,0.000705,0.003343
0.045000,14,0.028608,0.009784
0.045000,15,0.046552,0.004294
0.045000,16,-0.011894,0.007704
0.045000,17,-0.020957,0.011541
0.045000,18,0.008224,0.029196
0.045000,19,-0.014705,0.023165
0.045000,20,0.060337,0.063352
0.045000,21,-0.036814,0.094514
0.045000,22,-0.035091,0.021640
0.045000,23,-0.060015,0.022280
0.045000,24,0.021509,0.008861
0.045000,25,-0.000846,0.009265
0.045000,26,0.024637,0.004521
0.045000,27,-0.001126,0.009488
0.045000,28,-0.013390,0.002838
0.045000,29,0.015297,0.006221
0.045000,30,-0.001652,0.005332
0.045000,31,0.015501,0.004924
0.045000,32,-0.001137,0.026385
0.045000,33,0.029634,0.005156
0.045000,34,-0.006461,0.008510
0.045000,35,0.018341,0.002719
0.045000,36,-0.011349,0.006283
0.045000,37,0.015816,0.003745
0.045000,38,0.033263,0.007314
0.045000,39,0.035781,0.005603
0.045000,40,-0.004397,0.012709
0.045000,41,0.023069,0.004978
0.045000,42,0.033725,0.005133
0.045000,43,0.000089,0.016667
0.045000,44,0.031761,0.004560
0.045000,45,0.002762,0.004264
0.045000,46,0.002778,0.004288
0.045000,47,-0.046953,0.021527
0.045000,48,-0.007252,0.004984
0.045000,49,0.062941,0.014467
0.045000,50,0.062006,0.036560
0.050000,1,0.048763,0.011569
0.050000,2,0.031051,0.008997
0.050000,3,-0.022563,0.004086
0.050000,4,-0.017453,0.002028
0.050000,5,0.022751,0.003687
0.050000,6,0.026834,0.008211
0.050000,7,0.029481,0.003093
0.050000,8,0.043288,0.005128
0.050000,9,-0.013930,0.008659
0.050000,10,-0.017495,0.005435
0.050000,11,0.047118,0.005524
0.050000,12,0.012497,0.006055
0.050000,13,0.000396,0.004098
0.050000,14,0.031830,0.011850
0.050000,15,0.049441,0.005062
0.050000,16,-0.012868,0.009305
0.050000,17,-0.025849,0.019378
0.050000,18,0.009896,0.036205
0.050000,19,-0.016951,0.027981
0.050000,20,0.066916,0.062280
0.050000,21,-0.035291,0.120352
0.050000,22,-0.039635,0.026449
0.050000,23,-0.067777,0.027722
0.050000,24,0.022863,0.011475
0.050000,25,-0.008603,0.012285
0.050000,26,0.028267,0.005732
0.050000,27,-0.005947,0.012527
0.050000,28,-0.021606,0.004377
0.050000,29,0.013834,0.007662
0.050000,30,-0.002623,0.006594
0.050000,31,0.013108,0.006391
0.050000,32,-0.001406,0.032198
0.050000,33,0.032416,0.009506
0.050000,34,-0.007299,0.010360
0.050000,35,0.019767,0.003295
0.050000,36,-0.020157,0.008953
0.050000,37,0.017921,0.004593
0.050000,38,0.036767,0.008941
0.050000,39,0.040014,0.006843
0.050000,40,-0.004671,0.015550
0.050000,41,0.025565,0.006077
0.050000,42,0.037981,0.006437
0.050000,43,-0.001216,0.016753
0.050000,44,0.035477,0.005651
0.050000,45,0.003644,0.005247
0.050000,46,0.002983,0.005214
0.050000,47,-0.052252,0.026885
0.050000,48,-0.008470,0.006072
0.050000,49,0.079383,0.014385
0.050000,50,0.067969,0.045066
0.055000,1,0.053391,0.014039
0.055000,2,0.031704,0.011139
0.055000,3,-0.025951,0.005079
0.055000,4,-0.019340,0.002506
0.055000,5,0.024832,0.004593
0.055000,6,0.017830,0.008654
0.055000,7,0.032130,0.003724
0.055000,8,0.047330,0.006325
0.055000,9,-0.015825,0.010351
0.055000,10,-0.027471,0.008003
0.055000,11,0.051401,0.006756
0.055000,12,0.012997,0.007198
0.055000,13,-0.001971,0.006086
0.055000,14,0.035026,0.014117
0.055000,15,0.052298,0.005906
0.055000,16,-0.013841,0.011074
0.055000,17,-0.028139,0.023783
0.055000,18,0.006384,0.073458
0.055000,19,-0.019193,0.033288
0.055000,20,0.074229,0.074428
0.055000,21,-0.036744,0.146448
0.055000,22,-0.044177,0.031759
0.055000,23,-0.079746,0.033683
0.055000,24,0.025174,0.013762
0.055000,25,-0.008906,0.014749
0.055000,26,0.030984,0.006807
0.055000,27,-0.007062,0.015081
0.055000,28,-0.023957,0.005667
0.055000,29,0.014999,0.009254
0.055000,30,0.003065,0.008971
0.055000,31,0.014568,0.007801
0.055000,32,-0.001644,0.038542
0.055000,33,0.036019,0.011539
0.055000,34,-0.008138,0.012395
0.055000,35,0.021193,0.003933
0.055000,36,-0.022608,0.010805
0.055000,37,0.020031,0.005531
0.055000,38,0.040276,0.010730
0.055000,39,0.044220,0.008203
0.055000,40,-0.004120,0.018710
0.055000,41,0.029491,0.008426
0.055000,42,0.042236,0.007892
0.055000,43,-0.001793,0.020136
0.055000,44,0.039190,0.006863
0.055000,45,0.004527,0.006334
0.055000,46,-0.005610,0.006502
0.055000,47,-0.057546,0.032842
0.055000,48,-0.003036,0.007391
0.055000,49,0.087170,0.017453
0.055000,50,0.073939,0.054472
0.060000,1,0.058030,0.016748
0.060000,2,0.034188,0.013488
0.060000,3,-0.029338,0.006184
0.060000,4,-0.018362,0.004134
0.060000,5,0.026923,0.005602
0.060000,6,0.020021,0.010437
0.060000,7,0.034780,0.004415
0.060000,8,0.051382,0.007651
0.060000,9,-0.017720,0.012201
0.060000,10,-0.030693,0.009482
0.060000,11,0.055683,0.008117
0.060000,12,0.013492,0.008442
0.060000,13,-0.002700,0.007176
0.060000,14,0.038206,0.016583
0.060000,15,0.055144,0.006828
0.060000,16,-0.014814,0.013011
0.060000,17,-0.030428,0.028645
0.060000,18,0.007686,0.087423
0.060000,19,-0.023215,0.060198
0.060000,20,0.081535,0.087724
0.060000,21,-0.038196,0.175117
0.060000,22,-0.047200,0.036988
0.060000,23,-0.087866,0.040280
0.060000,24,0.013728,0.020924
0.060000,25,-0.009209,0.017441
0.060000,26,0.033700,0.007979
0.060000,27,-0.008179,0.017877
0.060000,28,-0.025900,0.006733
0.060000,29,0.016162,0.011002
0.060000,30,0.002580,0.010662
0.060000,31,0.016027,0.009354
0.060000,32,-0.001765,0.045253
0.060000,33,0.036839,0.012981
0.060000,34,0.003938,0.015317
0.060000,35,0.022618,0.004633
0.060000,36,-0.025060,0.012834
0.060000,37,0.022153,0.006558
0.060000,38,0.028615,0.013832
0.060000,39,0.046319,0.008721
0.060000,40,-0.004356,0.022131
0.060000,41,0.032104,0.009942
0.060000,42,0.046492,0.009498
0.060000,43,-0.002369,0.023834
0.060000,44,0.042903,0.008195
0.060000,45,0.005413,0.007526
0.060000,46,-0.006279,0.008389
0.060000,47,-0.062838,0.039397
0.060000,48,-0.003634,0.008731
0.060000,49,0.094957,0.020823
0.060000,50,0.079913,0.064779
0.065000,1,0.062672,0.019697
0.065000,2,0.036671,0.016063
0.065000,3,-0.032726,0.007401
0.065000,4,-0.020000,0.004936
0.065000,5,0.028072,0.009082
0.065000,6,0.022212,0.012390
0.065000,7,0.038005,0.008332
0.065000,8,0.053458,0.011199
0.065000,9,-0.019617,0.014209
0.065000,10,-0.033916,0.011087
0.065000,11,0.059966,0.009607
0.065000,12,0.013985,0.009787
0.065000,13,-0.003435,0.008357
0.065000,14,0.041374,0.019249
0.065000,15,0.079289,0.012761
0.065000,16,-0.015786,0.015116
0.065000,17,-0.032715,0.033963
0.065000,18,0.008986,0.102615
0.065000,19,-0.025618,0.069894
0.065000,20,0.087481,0.093178
0.065000,21,-0.033385,0.249714
0.065000,22,-0.051666,0.043213
0.065000,23,-0.095988,0.047472
0.065000,24,0.022156,0.022464
0.065000,25,-0.008970,0.023447
0.065000,26,0.036418,0.009247
0.065000,27,-0.009296,0.020915
0.065000,28,-0.027845,0.007892
0.065000,29,0.017320,0.012906
0.065000,30,0.002093,0.012500
0.065000,31,0.017485,0.011050
0.065000,32,-0.004283,0.059821
0.065000,33,0.040252,0.015261
0.065000,34,0.006408,0.015309
0.065000,35,0.022524,0.004239
0.065000,36,-0.027514,0.015040
0.065000,37,0.023044,0.006300
0.065000,38,0.030184,0.016162
0.065000,39,0.050261,0.010183
0.065000,40,-0.004591,0.025845
0.065000,41,0.034717,0.011585
0.065000,42,0.050747,0.011254
0.065000,43,-0.002946,0.027846
0.065000,44,0.046615,0.009646
0.065000,45,0.019124,0.009856
0.065000,46,-0.006802,0.009856
0.065000,47,-0.068127,0.046551
0.065000,48,-0.004234,0.010185
0.065000,49,0.102743,0.024493
0.065000,50,0.080101,0.075392
0.070000,1,0.068124,0.022147
0.070000,2,0.039491,0.016876
0.070000,3,-0.035575,0.008933
0.070000,4,-0.021637,0.005811
0.070000,5,0.029756,0.010703
0.070000,6,0.024403,0.014512
0.070000,7,0.040667,0.009668
0.070000,8,0.057143,0.013107
0.070000,9,-0.021514,0.016373
0.070000,10,-0.043116,0.012882
0.070000,11,0.064250,0.011227
0.070000,12,0.014476,0.011231
0.070000,13,-0.004174,0.009627
0.070000,14,0.036069,0.019778
0.070000,15,0.086156,0.014823
0.070000,16,-0.016758,0.017388
0.070000,17,-0.032954,0.038284
0.070000,18,0.005845,0.169709
0.070000,19,-0.028018,0.080334
0.070000,20,0.083870,0.103064
0.070000,21,-0.026821,0.313482
0.070000,22,-0.056132,0.049937
0.070000,23,-0.107235,0.056482
0.070000,24,0.009632,0.031052
0.070000,25,-0.009290,0.027055
0.070000,26,0.039135,0.010612
0.070000,27,-0.019085,0.024787
0.070000,28,-0.029791,0.009144
0.070000,29,0.018480,0.014967
0.070000,30,0.005344,0.018381
0.070000,31,0.018942,0.012889
0.070000,32,-0.004329,0.068296
0.070000,33,0.043666,0.017726
0.070000,34,0.006942,0.017601
0.070000,35,0.023848,0.004896
0.070000,36,-0.029968,0.017422
0.070000,37,0.025210,0.007257
0.070000,38,0.031807,0.018671
0.070000,39,0.054209,0.011760
0.070000,40,-0.004825,0.029851
0.070000,41,0.037332,0.013355
0.070000,42,0.058585,0.016020
0.070000,43,-0.003522,0.032173
0.070000,44,0.035721,0.013793
0.070000,45,0.021040,0.011447
0.070000,46,-0.007324,0.011452
0.070000,47,-0.083955,0.052274
0.070000,48,-0.004834,0.011753
0.070000,49,0.110528,0.028466
0.070000,50,0.085668,0.087490
0.075000,1,0.072835,0.025446
0.075000,2,0.041993,0.019613
0.075000,3,-0.038884,0.010423
0.075000,4,-0.023275,0.006758
0.075000,5,0.031437,0.012457
0.075000,6,0.026594,0.016804
0.075000,7,0.043329,0.011105
0.075000,8,0.051744,0.019222
0.075000,9,-0.023410,0.018695
0.075000,10,-0.046692,0.014764
0.075000,11,0.090434,0.016326
0.075000,12,0.013677,0.012236
0.075000,13,-0.004915,0.010989
0.075000,14,0.038909,0.022494
0.075000,15,0.092740,0.016974
0.075000,16,-0.020516,0.025763
0.075000,17,-0.035098,0.044203
0.075000,18,0.006858,0.194617
0.075000,19,-0.052314,0.136400
0.075000,20,0.090321,0.117796
0.075000,21,-0.010249,0.426781
0.075000,22,-0.060598,0.057160
0.075000,23,-0.115577,0.064994
0.075000,24,0.010390,0.035326
0.075000,25,-0.006841,0.033734
0.075000,26,0.035940,0.012486
0.075000,27,-0.020796,0.028400
0.075000,28,-0.031739,0.010489
0.075000,29,0.019640,0.017184
0.075000,30,0.005163,0.021046
0.075000,31,0.020713,0.017219
0.075000,32,-0.004765,0.078196
0.075000,33,0.047079,0.020379
0.075000,34,0.007476,0.020056
0.075000,35,0.025175,0.005604
0.075000,36,-0.035430,0.021392
0.075000,37,0.030497,0.006595
0.075000,38,0.033480,0.021359
0.075000,39,0.067168,0.013831
0.075000,40,-0.002752,0.032930
0.075000,41,0.039946,0.015252
0.075000,42,0.063104,0.018489
0.075000,43,-0.004099,0.036815
0.075000,44,0.038439,0.015835
0.075000,45,0.022956,0.013159
0.075000,46,-0.007844,0.013175
0.075000,47,-0.090103,0.060283
0.075000,48,-0.005436,0.013435
0.075000,49,0.118314,0.032740
0.075000,50,0.091232,0.100488
0.080000,1,0.077546,0.028976
0.080000,2,0.044493,0.022556
0.080000,3,-0.047919,0.013389
0.080000,4,-0.024913,0.007778
0.080000,5,0.033114,0.014342
0.080000,6,0.028785,0.019265
0.080000,7,0.039280,0.013454
0.080000,8,0.054837,0.022053
0.080000,9,-0.031979,0.022881
0.080000,10,-0.050268,0.016776
0.080000,11,0.096326,0.018703
0.080000,12,0.014206,0.013741
0.080000,13,-0.005660,0.012440
0.080000,14,0.041813,0.025390
0.080000,15,0.099096,0.019219
0.080000,16,-0.021654,0.029092
0.080000,17,-0.037243,0.050553
0.080000,18,0.007870,0.221233
0.080000,19,-0.056067,0.154019
0.080000,20,0.080924,0.111299
0.080000,21,0.028030,0.634097
0.080000,22,-0.065063,0.064882
0.080000,23,-0.124471,0.077904
0.080000,24,0.011091,0.039873
0.080000,25,-0.006968,0.038241
0.080000,26,0.037900,0.016034
0.080000,27,-0.022505,0.032262
0.080000,28,-0.045992,0.014959
0.080000,29,0.015816,0.020101
0.080000,30,0.002269,0.027377
0.080000,31,0.022121,0.019697
0.080000,32,-0.005191,0.088745
0.080000,33,0.050493,0.023217
0.080000,34,0.008010,0.022674
0.080000,35,0.026362,0.006387
0.080000,36,-0.038067,0.024384
0.080000,37,0.032821,0.007471
0.080000,38,0.034460,0.028379
0.080000,39,0.071739,0.015679
0.080000,40,-0.002879,0.037356
0.080000,41,0.047058,0.018004
0.080000,42,0.067621,0.021136
0.080000,43,-0.006711,0.040546
0.080000,44,0.041157,0.018020
0.080000,45,0.024872,0.014991
0.080000,46,-0.008364,0.015026
0.080000,47,-0.096251,0.068866
0.080000,48,-0.009712,0.019276
0.080000,49,0.126098,0.037315
0.080000,50,0.096791,0.114385
0.085000,1,0.086627,0.033869
0.085000,2,0.033775,0.024780
0.085000,3,-0.056136,0.019133
0.085000,4,-0.023141,0.011610
0.085000,5,0.042079,0.017432
0.085000,6,0.030976,0.021895
0.085000,7,0.041603,0.015180
0.085000,8,0.057932,0.025082
0.085000,9,-0.039575,0.027363
0.085000,10,-0.053844,0.018916
0.085000,11,0.102218,0.021245
0.085000,12,0.014736,0.015334
0.085000,13,0.003539,0.018838
0.085000,14,0.044783,0.028468
0.085000,15,0.085762,0.023133
0.085000,16,-0.022792,0.032631
0.085000,17,-0.038567,0.069331
0.085000,18,0.008882,0.249559
0.085000,19,-0.059832,0.172715
0.085000,20,0.086257,0.125509
0.085000,21,0.030332,0.723940
0.085000,22,-0.070046,0.074947
0.085000,23,-0.132866,0.088098
0.085000,24,0.011905,0.044697
0.085000,25,-0.004269,0.045255
0.085000,26,0.040419,0.017950
0.085000,27,-0.024212,0.036373
0.085000,28,-0.061664,0.017558
0.085000,29,0.016684,0.022708
0.085000,30,0.001978,0.030846
0.085000,31,0.021623,0.028515
0.085000,32,-0.005615,0.099956
0.085000,33,0.053906,0.026242
0.085000,34,0.018240,0.026270
0.085000,35,0.027811,0.007179
0.085000,36,-0.040704,0.027572
0.085000,37,0.024904,0.006600
0.085000,38,0.036531,0.031654
0.085000,39,0.076337,0.017662
0.085000,40,-0.003005,0.042064
0.085000,41,0.049899,0.020255
0.085000,42,0.072137,0.023960
0.085000,43,0.000577,0.045247
0.085000,44,0.043874,0.020347
0.085000,45,0.026789,0.016944
0.085000,46,-0.008883,0.017004
0.085000,47,-0.104433,0.082922
0.085000,48,-0.010517,0.021710
0.085000,49,0.144389,0.050008
0.085000,50,0.102348,0.129182
0.090000,1,0.091614,0.037978
0.090000,2,0.030458,0.026566
0.090000,3,-0.060118,0.021712
0.090000,4,-0.024559,0.013134
0.090000,5,0.044202,0.019730
0.090000,6,0.033167,0.024695
0.090000,7,0.043926,0.017011
0.090000,8,0.061028,0.028309
0.090000,9,-0.042310,0.030665
0.090000,10,-0.057421,0.021186
0.090000,11,0.108109,0.023950
0.090000,12,0.023793,0.020313
0.090000,13,0.003221,0.020998
0.090000,14,0.047818,0.031731
0.090000,15,0.111313,0.041033
0.090000,16,-0.023930,0.036379
0.090000,17,-0.040671,0.077999
0.090000,18,0.009894,0.279595
0.090000,19,-0.063586,0.192496
0.090000,20,0.091587,0.140609
0.090000,21,0.034156,0.813716
0.090000,22,-0.074572,0.083917
0.090000,23,-0.141249,0.098916
0.090000,24,0.012662,0.049845
0.090000,25,-0.004088,0.050355
0.090000,26,0.042902,0.019977
0.090000,27,-0.029815,0.042337
0.090000,28,-0.051297,0.018899
0.090000,29,0.013183,0.024021
0.090000,30,0.001686,0.034522
0.090000,31,0.022850,0.032092
0.090000,32,-0.006039,0.111835
0.090000,33,0.057319,0.029453
0.090000,34,0.019418,0.029303
0.090000,35,0.036270,0.007059
0.090000,36,-0.043341,0.030958
0.090000,37,0.026622,0.007352
0.090000,38,0.036162,0.040648
0.090000,39,0.080889,0.019730
0.090000,40,-0.003132,0.047053
0.090000,41,0.052740,0.022638
0.090000,42,0.076653,0.026961
0.090000,43,0.000261,0.050558
0.090000,44,0.046591,0.022816
0.090000,45,0.028706,0.019017
0.090000,46,-0.009401,0.019110
0.090000,47,-0.110725,0.093205
0.090000,48,-0.011322,0.024289
0.090000,49,0.152803,0.056124
0.090000,50,0.107902,0.144878
0.095000,1,0.096602,0.042322
0.095000,2,0.031890,0.029837
0.095000,3,-0.064100,0.024456
0.095000,4,-0.025977,0.014752
0.095000,5,0.046326,0.022172
0.095000,6,0.035357,0.027664
0.095000,7,0.046247,0.018946
0.095000,8,0.064126,0.031733
0.095000,9,-0.045044,0.034157
0.095000,10,-0.065648,0.029608
0.095000,11,0.113999,0.026818
0.095000,12,0.024747,0.022484
0.095000,13,0.002904,0.023276
0.095000,14,0.056542,0.036607
0.095000,15,0.116961,0.045645
0.095000,16,-0.025069,0.040337
0.095000,17,-0.042775,0.087179
0.095000,18,0.010906,0.311339
0.095000,19,-0.107721,0.278399
0.095000,20,0.096914,0.156601
0.095000,21,0.038783,0.905622
0.095000,22,-0.079096,0.093398
0.095000,23,-0.156326,0.141109
0.095000,24,-0.005258,0.084176
0.095000,25,-0.003283,0.059171
0.095000,26,0.045468,0.022092
0.095000,27,-0.031716,0.047155
0.095000,28,-0.068424,0.021845
0.095000,29,0.013891,0.026789
0.095000,30,0.001394,0.038406
0.095000,31,0.024077,0.035882
0.095000,32,-0.017596,0.146775
0.095000,33,0.065783,0.036142
0.095000,34,0.020596,0.032503
0.095000,35,0.037998,0.007846
0.095000,36,-0.046024,0.037274
0.095000,37,0.028344,0.008148
0.095000,38,0.037801,0.044926
0.095000,39,0.085463,0.021930
0.095000,40,-0.003258,0.052324
0.095000,41,0.059104,0.024507
0.095000,42,0.081168,0.030140
0.095000,43,-0.000055,0.056165
0.095000,44,0.049308,0.025428
0.095000,45,0.044266,0.024368
0.095000,46,0.005419,0.022211
0.095000,47,-0.117018,0.104090
0.095000,48,-0.012127,0.027014
0.095000,49,0.161217,0.062595
0.095000,50,0.113454,0.161474
0.100000,1,0.101589,0.046903
0.100000,2,0.033356,0.033308
0.100000,3,-0.068083,0.027365
0.100000,4,-0.027395,0.016466
0.100000,5,0.048452,0.024758
0.100000,6,0.037548,0.030802
0.100000,7,0.042923,0.022379
0.100000,8,0.067225,0.035356
0.100000,9,-0.050799,0.039164
0.100000,10,-0.069468,0.032832
0.100000,11,0.142865,0.037573
0.100000,12,0.025702,0.024767
0.100000,13,0.002587,0.025672
0.100000,14,0.054063,0.038821
0.100000,15,0.122637,0.050515
0.100000,16,-0.026207,0.044506
0.100000,17,-0.044880,0.096873
0.100000,18,-0.008403,0.372525
0.100000,19,-0.113629,0.307039
0.100000,20,0.102234,0.173498
0.100000,21,0.042701,1.005941
0.100000,22,-0.083625,0.103407
0.100000,23,-0.164936,0.156523
0.100000,24,-0.005311,0.092724
0.100000,25,-0.003248,0.065328
0.100000,26,0.049271,0.026835
0.100000,27,-0.050382,0.055582
0.100000,28,-0.071731,0.024248
0.100000,29,0.014598,0.029711
0.100000,30,0.001102,0.042498
0.100000,31,0.021750,0.042039
0.100000,32,-0.018442,0.162491
0.100000,33,0.069491,0.040089
0.100000,34,0.021774,0.035870
0.100000,35,0.039725,0.008677
0.100000,36,-0.048669,0.041397
0.100000,37,0.030066,0.008987
0.100000,38,0.039458,0.049475
0.100000,39,0.090037,0.024247
0.100000,40,-0.003384,0.057876
0.100000,41,0.062099,0.027072
0.100000,42,0.095111,0.038306
0.100000,43,-0.000371,0.062066
0.100000,44,0.052024,0.028183
0.100000,45,0.046919,0.027025
0.100000,46,0.005654,0.024722
0.100000,47,-0.123310,0.115578
0.100000,48,-0.012068,0.031803
0.100000,49,0.192246,0.090287
0.100000,50,0.115569,0.160229
